{"cameraMode":{"drawMode":0,"name":"Shaded","section":"Shading Mode"},"sceneLighting":true,"audioPlay":false,"sceneViewState":{"showFog":true,"showMaterialUpdate":true,"showSkybox":true,"showFlares":true,"showImageEffects":true,"showParticleSystems":true},"in2DMode":false,"pivot":{"x":2.144376754760742,"y":0.8332071304321289,"z":0.45248425006866457},"rotation":{"x":0.1624598354101181,"y":-0.6881909966468811,"z":0.1624598652124405,"w":0.6881909966468811},"size":2.9320504665374758,"orthographic":false}